{
  "regression_train_r2": 0.8278723367236898,
  "regression_train_rmse": 3154.137901289892,
  "regression_train_mae": 2489.045374054646,
  "regression_train_mse": 9948585.900353404,
  "regression_val_r2": 0.7833733649757351,
  "regression_val_rmse": 3540.2690705116675,
  "regression_val_mae": 2757.286306686857,
  "regression_val_mse": 12533505.091621546,
  "regression_test_r2": 0.7560024615191564,
  "regression_test_rmse": 3651.5075376754576,
  "regression_test_mae": 2900.436228786819,
  "regression_test_mse": 13333507.297700685
}